State,County,FIPS,Date,Diff 
CT,Fairfield County,9001,20120403,200
CT,Fairfield County,9001,20120410,200
CT,Fairfield County,9001,20150519,200
CT,Fairfield County,9001,20241112,206
CT,Hartford County,9003,20010522,200
CT,Hartford County,9003,20130507,200
CT,Hartford County,9003,20150519,200
CT,Litchfield County,9005,20010522,200
CT,Litchfield County,9005,20120403,200
CT,Litchfield County,9005,20150519,200
CT,Middlesex County,9007,20120327,200
CT,Middlesex County,9007,20130507,200
CT,Middlesex County,9007,20150519,200
CT,Middlesex County,9007,20241119,200
CT,New Haven County,9009,20120327,200
CT,New Haven County,9009,20130507,200
CT,New Haven County,9009,20150519,200
CT,New Haven County,9009,20241119,200
CT,New London County,9011,20120320,200
CT,New London County,9011,20120327,200
CT,New London County,9011,20130507,200
CT,New London County,9011,20150519,200
CT,Tolland County,9013,20010522,200
CT,Tolland County,9013,20130507,200
CT,Tolland County,9013,20150519,200
CT,Windham County,9015,20010522,200
CT,Windham County,9015,20120327,200
CT,Windham County,9015,20130507,200
CT,Windham County,9015,20150519,200
DC,District of Columbia,11001,20010515,200
DC,District of Columbia,11001,20050920,200
DC,District of Columbia,11001,20060822,200
DC,District of Columbia,11001,20060829,200
DC,District of Columbia,11001,20100706,200
DC,District of Columbia,11001,20120703,200
DC,District of Columbia,11001,20120710,200
DC,District of Columbia,11001,20240625,200
DE,Kent County,10001,20010515,200
DE,Kent County,10001,20010522,200
DE,Kent County,10001,20011030,200
DE,Kent County,10001,20011106,200
DE,Kent County,10001,20050920,200
DE,Kent County,10001,20120410,200
DE,Kent County,10001,20120417,200
DE,New Castle County,10003,20010515,200
DE,New Castle County,10003,20010522,200
DE,New Castle County,10003,20050920,200
DE,Sussex County,10005,20010515,200
DE,Sussex County,10005,20010522,200
DE,Sussex County,10005,20011030,200
DE,Sussex County,10005,20011106,200
DE,Sussex County,10005,20050913,200
DE,Sussex County,10005,20050920,200
DE,Sussex County,10005,20060328,200
MA,Barnstable County,25001,20150519,200
MA,Barnstable County,25001,20150526,200
MA,Barnstable County,25001,20220802,200
MA,Berkshire County,25003,20010522,200
MA,Berkshire County,25003,20150519,200
MA,Berkshire County,25003,20200623,200
MA,Bristol County,25005,20150519,200
MA,Bristol County,25005,20150526,200
MA,Bristol County,25005,20220809,200
MA,Dukes County,25007,20150519,200
MA,Dukes County,25007,20150526,200
MA,Essex County,25009,20010522,200
MA,Essex County,25009,20150519,200
MA,Franklin County,25011,20010522,200
MA,Hampden County,25013,20010522,200
MA,Hampden County,25013,20011106,200
MA,Hampden County,25013,20130507,200
MA,Hampden County,25013,20130514,200
MA,Hampden County,25013,20150519,200
MA,Hampshire County,25015,20010522,200
MA,Hampshire County,25015,20011106,200
MA,Hampshire County,25015,20130507,200
MA,Hampshire County,25015,20130514,200
MA,Hampshire County,25015,20150519,200
MA,Middlesex County,25017,20010522,200
MA,Middlesex County,25017,20150519,200
MA,Nantucket County,25019,20120403,200
MA,Nantucket County,25019,20150519,200
MA,Nantucket County,25019,20150526,200
MA,Nantucket County,25019,20240102,200
MA,Norfolk County,25021,20010522,200
MA,Norfolk County,25021,20150519,200
MA,Norfolk County,25021,20220524,200
MA,Plymouth County,25023,20150519,200
MA,Plymouth County,25023,20150526,200
MA,Suffolk County,25025,20010522,200
MA,Suffolk County,25025,20120410,200
MA,Suffolk County,25025,20150519,200
MA,Suffolk County,25025,20220524,200
MA,Worcester County,25027,20010522,200
MA,Worcester County,25027,20150519,200
MD,Allegany County,24001,20010515,200
MD,Allegany County,24001,20010522,200
MD,Allegany County,24001,20020917,217
MD,Allegany County,24001,20050705,200
MD,Allegany County,24001,20090922,200
MD,Allegany County,24001,20090929,200
MD,Allegany County,24001,20230613,200
MD,Allegany County,24001,20240625,200
MD,Allegany County,24001,20240702,286
MD,Allegany County,24001,20240709,200
MD,Anne Arundel County,24003,20010515,200
MD,Anne Arundel County,24003,20010522,200
MD,Anne Arundel County,24003,20050920,200
MD,Anne Arundel County,24003,20060822,200
MD,Anne Arundel County,24003,20060829,200
MD,Anne Arundel County,24003,20100706,217
MD,Baltimore City,24510,20010515,200
MD,Baltimore City,24510,20010522,200
MD,Baltimore City,24510,20011030,200
MD,Baltimore City,24510,20011106,200
MD,Baltimore City,24510,20020219,200
MD,Baltimore City,24510,20050920,200
MD,Baltimore City,24510,20060822,200
MD,Baltimore City,24510,20060829,200
MD,Baltimore City,24510,20100706,200
MD,Baltimore City,24510,20191001,200
MD,Baltimore City,24510,20230411,200
MD,Baltimore City,24510,20231114,200
MD,Baltimore City,24510,20231121,200
MD,Baltimore County,24005,20010515,200
MD,Baltimore County,24005,20010522,200
MD,Baltimore County,24005,20050920,200
MD,Baltimore County,24005,20100706,200
MD,Baltimore County,24005,20191001,200
MD,Calvert County,24009,20010515,200
MD,Calvert County,24009,20050920,200
MD,Calvert County,24009,20060328,200
MD,Calvert County,24009,20100629,200
MD,Calvert County,24009,20100706,297
MD,Calvert County,24009,20240625,200
MD,Calvert County,24009,20241105,200
MD,Calvert County,24009,20241112,200
MD,Caroline County,24011,20010515,200
MD,Caroline County,24011,20010522,200
MD,Caroline County,24011,20011030,200
MD,Caroline County,24011,20011106,200
MD,Caroline County,24011,20050920,200
MD,Caroline County,24011,20120410,200
MD,Caroline County,24011,20120417,200
MD,Carroll County,24013,20010515,200
MD,Carroll County,24013,20010522,200
MD,Carroll County,24013,20050920,200
MD,Carroll County,24013,20100706,200
MD,Carroll County,24013,20100713,200
MD,Carroll County,24013,20230418,200
MD,Cecil County,24015,20010515,200
MD,Cecil County,24015,20010522,200
MD,Cecil County,24015,20050920,200
MD,Cecil County,24015,20191001,200
MD,Charles County,24017,20010515,200
MD,Charles County,24017,20050920,200
MD,Charles County,24017,20060328,200
MD,Charles County,24017,20060822,200
MD,Charles County,24017,20060829,200
MD,Charles County,24017,20100706,210
MD,Charles County,24017,20230328,200
MD,Charles County,24017,20230404,200
MD,Charles County,24017,20240625,200
MD,Charles County,24017,20241105,267
MD,Dorchester County,24019,20010515,200
MD,Dorchester County,24019,20011030,200
MD,Dorchester County,24019,20011106,200
MD,Dorchester County,24019,20050920,200
MD,Dorchester County,24019,20060328,200
MD,Dorchester County,24019,20070710,200
MD,Dorchester County,24019,20100629,200
MD,Dorchester County,24019,20100706,200
MD,Dorchester County,24019,20230404,200
MD,Frederick County,24021,20010515,200
MD,Frederick County,24021,20010522,200
MD,Frederick County,24021,20050920,200
MD,Frederick County,24021,20060822,200
MD,Frederick County,24021,20100713,200
MD,Frederick County,24021,20230418,200
MD,Garrett County,24023,20010515,200
MD,Garrett County,24023,20020917,200
MD,Garrett County,24023,20050920,200
MD,Garrett County,24023,20090922,200
MD,Garrett County,24023,20090929,200
MD,Garrett County,24023,20100907,200
MD,Garrett County,24023,20100914,200
MD,Garrett County,24023,20230613,200
MD,Garrett County,24023,20240702,230
MD,Harford County,24025,20010515,200
MD,Harford County,24025,20010522,200
MD,Harford County,24025,20050920,200
MD,Harford County,24025,20191001,200
MD,Howard County,24027,20010515,200
MD,Howard County,24027,20010522,200
MD,Howard County,24027,20020219,200
MD,Howard County,24027,20020226,200
MD,Howard County,24027,20050920,200
MD,Howard County,24027,20060822,200
MD,Howard County,24027,20060829,200
MD,Howard County,24027,20071009,200
MD,Howard County,24027,20100706,200
MD,Howard County,24027,20241119,200
MD,Kent County,24029,20010515,200
MD,Kent County,24029,20010522,200
MD,Kent County,24029,20011030,200
MD,Kent County,24029,20011106,200
MD,Kent County,24029,20050920,200
MD,Kent County,24029,20230606,200
MD,Montgomery County,24031,20010515,200
MD,Montgomery County,24031,20050920,200
MD,Montgomery County,24031,20060822,200
MD,Montgomery County,24031,20060829,200
MD,Montgomery County,24031,20070731,200
MD,Prince George's County,24033,20010515,200
MD,Prince George's County,24033,20050920,200
MD,Prince George's County,24033,20060822,200
MD,Prince George's County,24033,20060829,200
MD,Prince George's County,24033,20100706,209
MD,Queen Anne's County,24035,20010515,200
MD,Queen Anne's County,24035,20010522,200
MD,Queen Anne's County,24035,20011030,200
MD,Queen Anne's County,24035,20011106,200
MD,Queen Anne's County,24035,20050920,200
MD,St. Mary's County,24037,20050920,200
MD,St. Mary's County,24037,20060328,200
MD,St. Mary's County,24037,20070717,200
MD,St. Mary's County,24037,20070724,200
MD,St. Mary's County,24037,20100706,206
MD,St. Mary's County,24037,20240625,200
MD,St. Mary's County,24037,20241105,202
MD,St. Mary's County,24037,20241112,200
MD,Somerset County,24039,20011030,200
MD,Somerset County,24039,20011106,200
MD,Somerset County,24039,20050913,200
MD,Somerset County,24039,20050920,200
MD,Somerset County,24039,20060328,200
MD,Somerset County,24039,20070710,200
MD,Somerset County,24039,20230328,200
MD,Somerset County,24039,20230404,200
MD,Talbot County,24041,20010515,200
MD,Talbot County,24041,20010522,200
MD,Talbot County,24041,20011030,200
MD,Talbot County,24041,20011106,200
MD,Talbot County,24041,20050920,200
MD,Talbot County,24041,20060328,200
MD,Talbot County,24041,20080902,200
MD,Talbot County,24041,20190924,200
MD,Washington County,24043,20010515,200
MD,Washington County,24043,20010522,200
MD,Washington County,24043,20240625,200
MD,Washington County,24043,20240702,237
MD,Wicomico County,24045,20010515,200
MD,Wicomico County,24045,20010522,200
MD,Wicomico County,24045,20011030,200
MD,Wicomico County,24045,20011106,200
MD,Wicomico County,24045,20050913,200
MD,Wicomico County,24045,20050920,200
MD,Wicomico County,24045,20060328,200
MD,Wicomico County,24045,20070710,200
MD,Wicomico County,24045,20100629,200
MD,Wicomico County,24045,20100706,200
MD,Wicomico County,24045,20230404,200
MD,Worcester County,24047,20010515,200
MD,Worcester County,24047,20011030,200
MD,Worcester County,24047,20011106,200
MD,Worcester County,24047,20050913,200
MD,Worcester County,24047,20050920,200
MD,Worcester County,24047,20060328,200
MD,Worcester County,24047,20070710,200
ME,Androscoggin County,23001,20120410,200
ME,Androscoggin County,23001,20200623,200
ME,Androscoggin County,23001,20200915,200
ME,Androscoggin County,23001,20200922,200
ME,Aroostook County,23003,20200707,218
ME,Cumberland County,23005,20120410,200
ME,Cumberland County,23005,20200623,200
ME,Kennebec County,23011,20200623,200
ME,Knox County,23013,20011030,200
ME,Lincoln County,23015,20011030,200
ME,Lincoln County,23015,20200623,200
ME,Sagadahoc County,23023,20011030,200
ME,Sagadahoc County,23023,20011106,200
ME,Sagadahoc County,23023,20200623,200
ME,York County,23031,20120410,200
ME,York County,23031,20220705,200
ME,York County,23031,20220712,200
NH,Belknap County,33001,20120410,200
NH,Belknap County,33001,20120417,200
NH,Belknap County,33001,20220705,200
NH,Belknap County,33001,20220712,200
NH,Carroll County,33003,20120410,200
NH,Carroll County,33003,20120417,200
NH,Carroll County,33003,20220712,200
NH,Cheshire County,33005,20220712,205
NH,Coos County,33007,20010814,200
NH,Coos County,33007,20220712,200
NH,Grafton County,33009,20220712,200
NH,Hillsborough County,33011,20220712,206
NH,Merrimack County,33013,20220705,200
NH,Merrimack County,33013,20220712,200
NH,Rockingham County,33015,20150519,200
NH,Strafford County,33017,20020806,200
NH,Strafford County,33017,20120410,200
NH,Strafford County,33017,20220705,200
NH,Strafford County,33017,20220712,200
NH,Sullivan County,33019,20220712,200
NJ,Atlantic County,34001,20010515,200
NJ,Atlantic County,34001,20010522,200
NJ,Atlantic County,34001,20050913,200
NJ,Atlantic County,34001,20050920,200
NJ,Atlantic County,34001,20100713,200
NJ,Bergen County,34003,20010522,200
NJ,Bergen County,34003,20011030,200
NJ,Bergen County,34003,20011106,200
NJ,Bergen County,34003,20050913,200
NJ,Bergen County,34003,20050920,200
NJ,Bergen County,34003,20241112,200
NJ,Burlington County,34005,20010515,200
NJ,Burlington County,34005,20010522,200
NJ,Burlington County,34005,20050920,200
NJ,Burlington County,34005,20160913,200
NJ,Camden County,34007,20010515,200
NJ,Camden County,34007,20010522,200
NJ,Camden County,34007,20050920,200
NJ,Camden County,34007,20160913,200
NJ,Cape May County,34009,20010515,200
NJ,Cape May County,34009,20010522,200
NJ,Cape May County,34009,20050913,200
NJ,Cape May County,34009,20050920,200
NJ,Cumberland County,34011,20010515,200
NJ,Cumberland County,34011,20010522,200
NJ,Cumberland County,34011,20050920,200
NJ,Cumberland County,34011,20100713,200
NJ,Essex County,34013,20010515,200
NJ,Essex County,34013,20010522,200
NJ,Essex County,34013,20011030,200
NJ,Essex County,34013,20011106,200
NJ,Essex County,34013,20050913,200
NJ,Essex County,34013,20050920,200
NJ,Essex County,34013,20100713,200
NJ,Essex County,34013,20241112,200
NJ,Gloucester County,34015,20010515,200
NJ,Gloucester County,34015,20010522,200
NJ,Gloucester County,34015,20050920,200
NJ,Hudson County,34017,20010515,200
NJ,Hudson County,34017,20010522,200
NJ,Hudson County,34017,20011030,200
NJ,Hudson County,34017,20011106,200
NJ,Hudson County,34017,20050913,200
NJ,Hudson County,34017,20050920,200
NJ,Hudson County,34017,20241112,200
NJ,Hunterdon County,34019,20010515,200
NJ,Hunterdon County,34019,20010522,200
NJ,Hunterdon County,34019,20011030,200
NJ,Hunterdon County,34019,20011106,200
NJ,Hunterdon County,34019,20050920,200
NJ,Mercer County,34021,20010515,200
NJ,Mercer County,34021,20010522,200
NJ,Mercer County,34021,20050920,200
NJ,Middlesex County,34023,20010515,200
NJ,Middlesex County,34023,20010522,200
NJ,Middlesex County,34023,20011030,200
NJ,Middlesex County,34023,20011106,200
NJ,Middlesex County,34023,20050913,200
NJ,Middlesex County,34023,20050920,200
NJ,Monmouth County,34025,20010515,200
NJ,Monmouth County,34025,20010522,200
NJ,Monmouth County,34025,20050913,200
NJ,Monmouth County,34025,20050920,200
NJ,Morris County,34027,20010515,200
NJ,Morris County,34027,20010522,200
NJ,Morris County,34027,20011030,200
NJ,Morris County,34027,20011106,200
NJ,Morris County,34027,20050913,200
NJ,Morris County,34027,20050920,200
NJ,Ocean County,34029,20010515,200
NJ,Ocean County,34029,20010522,200
NJ,Ocean County,34029,20050913,200
NJ,Ocean County,34029,20050920,200
NJ,Ocean County,34029,20100713,200
NJ,Ocean County,34029,20160913,200
NJ,Passaic County,34031,20010522,200
NJ,Passaic County,34031,20011030,200
NJ,Passaic County,34031,20011106,200
NJ,Passaic County,34031,20050913,200
NJ,Passaic County,34031,20050920,200
NJ,Passaic County,34031,20241112,200
NJ,Salem County,34033,20010515,200
NJ,Salem County,34033,20010522,200
NJ,Salem County,34033,20050920,200
NJ,Somerset County,34035,20010515,200
NJ,Somerset County,34035,20010522,200
NJ,Somerset County,34035,20011030,200
NJ,Somerset County,34035,20011106,200
NJ,Somerset County,34035,20050913,200
NJ,Somerset County,34035,20050920,200
NJ,Sussex County,34037,20010522,200
NJ,Sussex County,34037,20011030,200
NJ,Sussex County,34037,20011106,200
NJ,Union County,34039,20010515,200
NJ,Union County,34039,20010522,200
NJ,Union County,34039,20011030,200
NJ,Union County,34039,20011106,200
NJ,Union County,34039,20050913,200
NJ,Union County,34039,20050920,200
NJ,Union County,34039,20241112,200
NJ,Warren County,34041,20010515,200
NJ,Warren County,34041,20010522,200
NJ,Warren County,34041,20011030,200
NJ,Warren County,34041,20011106,200
NJ,Warren County,34041,20050920,200
NY,Albany County,36001,20010522,200
NY,Allegany County,36003,20010522,200
NY,Allegany County,36003,20110802,200
NY,Allegany County,36003,20160719,200
NY,Bronx County,36005,20010522,200
NY,Bronx County,36005,20011106,200
NY,Bronx County,36005,20050913,200
NY,Bronx County,36005,20050920,200
NY,Bronx County,36005,20241029,200
NY,Bronx County,36005,20241112,200
NY,Broome County,36007,20010522,200
NY,Cattaraugus County,36009,20010522,200
NY,Cattaraugus County,36009,20110802,200
NY,Cattaraugus County,36009,20230613,200
NY,Cayuga County,36011,20010522,200
NY,Cayuga County,36011,20120717,200
NY,Cayuga County,36011,20120724,200
NY,Chautauqua County,36013,20010814,200
NY,Chautauqua County,36013,20110802,200
NY,Chautauqua County,36013,20210330,200
NY,Chautauqua County,36013,20210406,200
NY,Chautauqua County,36013,20230613,200
NY,Chemung County,36015,20010522,200
NY,Chemung County,36015,20110802,200
NY,Chenango County,36017,20010522,200
NY,Clinton County,36019,20020910,200
NY,Clinton County,36019,20020917,200
NY,Columbia County,36021,20010522,200
NY,Cortland County,36023,20010522,200
NY,Delaware County,36025,20010522,200
NY,Dutchess County,36027,20010522,200
NY,Dutchess County,36027,20220809,201
NY,Erie County,36029,20110802,200
NY,Erie County,36029,20230613,200
NY,Franklin County,36033,20020910,200
NY,Franklin County,36033,20020917,200
NY,Fulton County,36035,20010522,200
NY,Genesee County,36037,20010522,200
NY,Genesee County,36037,20110802,200
NY,Greene County,36039,20010522,200
NY,Jefferson County,36045,20020910,200
NY,Jefferson County,36045,20020917,200
NY,Kings County,36047,20010515,200
NY,Kings County,36047,20010522,200
NY,Kings County,36047,20011106,200
NY,Kings County,36047,20050913,200
NY,Kings County,36047,20050920,200
NY,Kings County,36047,20220809,288
NY,Kings County,36047,20230704,200
NY,Kings County,36047,20241112,200
NY,Lewis County,36049,20020910,200
NY,Lewis County,36049,20020917,200
NY,Lewis County,36049,20070904,200
NY,Livingston County,36051,20010522,200
NY,Livingston County,36051,20110802,200
NY,Livingston County,36051,20160719,200
NY,Madison County,36053,20010522,200
NY,Monroe County,36055,20110802,200
NY,Monroe County,36055,20120717,200
NY,Monroe County,36055,20120724,200
NY,Montgomery County,36057,20010522,200
NY,Nassau County,36059,20010522,200
NY,Nassau County,36059,20011106,200
NY,Nassau County,36059,20150519,200
NY,New York County,36061,20010522,200
NY,New York County,36061,20011030,200
NY,New York County,36061,20011106,200
NY,New York County,36061,20050913,200
NY,New York County,36061,20050920,200
NY,New York County,36061,20241112,200
NY,Niagara County,36063,20070703,200
NY,Niagara County,36063,20110802,200
NY,Niagara County,36063,20151222,200
NY,Niagara County,36063,20151229,200
NY,Niagara County,36063,20160712,200
NY,Niagara County,36063,20230613,200
NY,Niagara County,36063,20230620,200
NY,Oneida County,36065,20010522,200
NY,Onondaga County,36067,20010522,200
NY,Onondaga County,36067,20120717,200
NY,Onondaga County,36067,20120724,200
NY,Onondaga County,36067,20200929,200
NY,Ontario County,36069,20010522,200
NY,Ontario County,36069,20120717,200
NY,Ontario County,36069,20120724,200
NY,Orange County,36071,20010522,200
NY,Orange County,36071,20011106,200
NY,Orange County,36071,20241112,200
NY,Orleans County,36073,20020910,200
NY,Orleans County,36073,20020917,200
NY,Orleans County,36073,20070703,200
NY,Orleans County,36073,20110802,200
NY,Oswego County,36075,20010522,200
NY,Oswego County,36075,20020910,200
NY,Oswego County,36075,20120717,200
NY,Oswego County,36075,20120724,200
NY,Otsego County,36077,20010522,200
NY,Putnam County,36079,20010522,200
NY,Putnam County,36079,20010911,200
NY,Putnam County,36079,20150519,200
NY,Putnam County,36079,20220816,201
NY,Putnam County,36079,20241112,200
NY,Putnam County,36079,20241119,200
NY,Queens County,36081,20010522,200
NY,Queens County,36081,20011106,200
NY,Queens County,36081,20050913,200
NY,Queens County,36081,20050920,200
NY,Queens County,36081,20220809,203
NY,Queens County,36081,20230704,200
NY,Queens County,36081,20241112,200
NY,Rensselaer County,36083,20010522,200
NY,Richmond County,36085,20010515,200
NY,Richmond County,36085,20010522,200
NY,Richmond County,36085,20011030,200
NY,Richmond County,36085,20011106,200
NY,Richmond County,36085,20050913,200
NY,Richmond County,36085,20050920,200
NY,Richmond County,36085,20220726,200
NY,Richmond County,36085,20220802,200
NY,Richmond County,36085,20220809,208
NY,Richmond County,36085,20241112,200
NY,Rockland County,36087,20010522,200
NY,Rockland County,36087,20011106,200
NY,Rockland County,36087,20230418,200
NY,Rockland County,36087,20241112,200
NY,St. Lawrence County,36089,20020910,200
NY,St. Lawrence County,36089,20020917,200
NY,Schenectady County,36093,20010522,200
NY,Schoharie County,36095,20010522,200
NY,Schuyler County,36097,20010522,200
NY,Schuyler County,36097,20110802,200
NY,Schuyler County,36097,20160712,200
NY,Seneca County,36099,20010522,200
NY,Seneca County,36099,20110802,200
NY,Seneca County,36099,20120717,200
NY,Seneca County,36099,20120724,200
NY,Steuben County,36101,20010522,200
NY,Steuben County,36101,20110802,200
NY,Steuben County,36101,20160719,200
NY,Suffolk County,36103,20150519,200
NY,Sullivan County,36105,20010522,200
NY,Sullivan County,36105,20241112,200
NY,Tioga County,36107,20010522,200
NY,Tompkins County,36109,20010522,200
NY,Ulster County,36111,20010522,200
NY,Ulster County,36111,20241112,201
NY,Ulster County,36111,20241119,200
NY,Wayne County,36117,20010522,200
NY,Wayne County,36117,20020910,200
NY,Wayne County,36117,20120717,200
NY,Wayne County,36117,20120724,200
NY,Westchester County,36119,20010522,200
NY,Westchester County,36119,20011106,200
NY,Westchester County,36119,20241112,208
NY,Wyoming County,36121,20010522,200
NY,Wyoming County,36121,20110802,200
NY,Wyoming County,36121,20160719,200
NY,Yates County,36123,20010522,200
NY,Yates County,36123,20110802,200
NY,Yates County,36123,20120717,200
NY,Yates County,36123,20120724,200
PA,Adams County,42001,20010515,200
PA,Adams County,42001,20010522,200
PA,Adams County,42001,20020806,207
PA,Adams County,42001,20230613,200
PA,Allegheny County,42003,20010522,200
PA,Allegheny County,42003,20230613,200
PA,Armstrong County,42005,20010522,200
PA,Armstrong County,42005,20050816,200
PA,Armstrong County,42005,20230606,200
PA,Armstrong County,42005,20230613,200
PA,Beaver County,42007,20230613,200
PA,Bedford County,42009,20010515,200
PA,Bedford County,42009,20010522,200
PA,Bedford County,42009,20050705,200
PA,Bedford County,42009,20110802,200
PA,Bedford County,42009,20110809,200
PA,Berks County,42011,20010515,200
PA,Berks County,42011,20010522,200
PA,Blair County,42013,20010522,200
PA,Blair County,42013,20110802,200
PA,Bradford County,42015,20010522,200
PA,Bucks County,42017,20010515,200
PA,Bucks County,42017,20010522,200
PA,Bucks County,42017,20050920,200
PA,Butler County,42019,20010522,200
PA,Butler County,42019,20230606,200
PA,Butler County,42019,20230613,200
PA,Cambria County,42021,20010522,200
PA,Cambria County,42021,20020917,200
PA,Cameron County,42023,20010522,200
PA,Cameron County,42023,20230606,200
PA,Cameron County,42023,20230613,200
PA,Carbon County,42025,20010515,200
PA,Carbon County,42025,20010522,200
PA,Carbon County,42025,20050920,200
PA,Centre County,42027,20010522,200
PA,Centre County,42027,20230606,200
PA,Centre County,42027,20230613,200
PA,Chester County,42029,20010515,200
PA,Chester County,42029,20010522,200
PA,Clarion County,42031,20010522,200
PA,Clarion County,42031,20100420,200
PA,Clarion County,42031,20230606,200
PA,Clarion County,42031,20230613,200
PA,Clearfield County,42033,20010522,200
PA,Clinton County,42035,20010522,200
PA,Clinton County,42035,20230606,200
PA,Clinton County,42035,20230613,200
PA,Columbia County,42037,20010522,200
PA,Crawford County,42039,20230606,200
PA,Crawford County,42039,20230613,200
PA,Cumberland County,42041,20010515,200
PA,Cumberland County,42041,20010522,200
PA,Cumberland County,42041,20020723,200
PA,Cumberland County,42041,20230613,200
PA,Dauphin County,42043,20010515,200
PA,Dauphin County,42043,20010522,200
PA,Delaware County,42045,20010515,200
PA,Delaware County,42045,20010522,200
PA,Delaware County,42045,20071009,200
PA,Elk County,42047,20010522,200
PA,Elk County,42047,20230606,200
PA,Elk County,42047,20230613,200
PA,Erie County,42049,20010814,200
PA,Erie County,42049,20230613,200
PA,Fayette County,42051,20020917,200
PA,Fayette County,42051,20090922,200
PA,Fayette County,42051,20090929,200
PA,Fayette County,42051,20230613,200
PA,Forest County,42053,20010522,200
PA,Forest County,42053,20010821,200
PA,Forest County,42053,20100420,200
PA,Forest County,42053,20230606,200
PA,Forest County,42053,20230613,200
PA,Franklin County,42055,20010515,200
PA,Franklin County,42055,20010522,200
PA,Franklin County,42055,20050705,200
PA,Franklin County,42055,20230613,200
PA,Fulton County,42057,20010515,200
PA,Fulton County,42057,20010522,200
PA,Fulton County,42057,20050705,200
PA,Fulton County,42057,20110802,200
PA,Fulton County,42057,20110809,200
PA,Fulton County,42057,20230613,200
PA,Fulton County,42057,20240709,209
PA,Greene County,42059,20090922,200
PA,Greene County,42059,20090929,200
PA,Greene County,42059,20230613,200
PA,Huntingdon County,42061,20010522,200
PA,Huntingdon County,42061,20050705,200
PA,Huntingdon County,42061,20110802,200
PA,Huntingdon County,42061,20230613,200
PA,Indiana County,42063,20010522,200
PA,Indiana County,42063,20020917,200
PA,Jefferson County,42065,20010522,200
PA,Jefferson County,42065,20230606,200
PA,Jefferson County,42065,20230613,200
PA,Juniata County,42067,20010515,200
PA,Juniata County,42067,20010522,200
PA,Lackawanna County,42069,20010522,200
PA,Lancaster County,42071,20010515,200
PA,Lancaster County,42071,20010522,200
PA,Lawrence County,42073,20230606,200
PA,Lawrence County,42073,20230613,200
PA,Lebanon County,42075,20010515,200
PA,Lebanon County,42075,20010522,200
PA,Lebanon County,42075,20161122,200
PA,Lehigh County,42077,20010515,200
PA,Lehigh County,42077,20010522,200
PA,Lehigh County,42077,20050920,200
PA,Lehigh County,42077,20071009,200
PA,Lehigh County,42077,20230606,200
PA,Lehigh County,42077,20230613,200
PA,Luzerne County,42079,20010522,200
PA,Lycoming County,42081,20010522,200
PA,Lycoming County,42081,20230606,200
PA,McKean County,42083,20010522,200
PA,McKean County,42083,20230606,200
PA,McKean County,42083,20230613,200
PA,Mercer County,42085,20120703,200
PA,Mercer County,42085,20120710,200
PA,Mercer County,42085,20120717,200
PA,Mercer County,42085,20230606,200
PA,Mercer County,42085,20230613,200
PA,Mifflin County,42087,20010522,200
PA,Mifflin County,42087,20050705,200
PA,Mifflin County,42087,20230613,200
PA,Monroe County,42089,20010515,200
PA,Monroe County,42089,20010522,200
PA,Monroe County,42089,20050920,200
PA,Monroe County,42089,20241112,200
PA,Montgomery County,42091,20010515,200
PA,Montgomery County,42091,20010522,200
PA,Montgomery County,42091,20071009,200
PA,Montour County,42093,20010522,200
PA,Montour County,42093,20071009,200
PA,Montour County,42093,20071016,200
PA,Montour County,42093,20201006,200
PA,Northampton County,42095,20010515,200
PA,Northampton County,42095,20010522,200
PA,Northampton County,42095,20011106,200
PA,Northampton County,42095,20050920,200
PA,Northumberland County,42097,20010522,200
PA,Perry County,42099,20010515,200
PA,Perry County,42099,20010522,200
PA,Philadelphia County,42101,20010515,200
PA,Philadelphia County,42101,20010522,200
PA,Philadelphia County,42101,20050920,200
PA,Philadelphia County,42101,20071009,200
PA,Pike County,42103,20010522,200
PA,Potter County,42105,20010522,200
PA,Potter County,42105,20230606,200
PA,Potter County,42105,20230613,200
PA,Schuylkill County,42107,20010515,200
PA,Schuylkill County,42107,20010522,200
PA,Snyder County,42109,20010515,200
PA,Snyder County,42109,20010522,200
PA,Somerset County,42111,20010522,200
PA,Somerset County,42111,20020917,200
PA,Somerset County,42111,20240709,202
PA,Sullivan County,42113,20010522,200
PA,Susquehanna County,42115,20010522,200
PA,Tioga County,42117,20010522,200
PA,Tioga County,42117,20110802,200
PA,Union County,42119,20010522,200
PA,Venango County,42121,20010522,200
PA,Venango County,42121,20010821,200
PA,Venango County,42121,20100420,200
PA,Venango County,42121,20230606,200
PA,Venango County,42121,20230613,200
PA,Warren County,42123,20010522,200
PA,Warren County,42123,20230606,200
PA,Warren County,42123,20230613,200
PA,Washington County,42125,20230613,200
PA,Wayne County,42127,20010522,200
PA,Westmoreland County,42129,20010522,200
PA,Westmoreland County,42129,20020917,200
PA,Wyoming County,42131,20010522,200
PA,York County,42133,20010515,200
PA,York County,42133,20010522,200
RI,Bristol County,44001,20010522,200
RI,Bristol County,44001,20070904,200
RI,Bristol County,44001,20070911,200
RI,Bristol County,44001,20120320,200
RI,Bristol County,44001,20120327,200
RI,Bristol County,44001,20150519,200
RI,Bristol County,44001,20150526,200
RI,Bristol County,44001,20200818,200
RI,Bristol County,44001,20220531,200
RI,Kent County,44003,20010522,200
RI,Kent County,44003,20120320,200
RI,Kent County,44003,20120327,200
RI,Kent County,44003,20150519,200
RI,Kent County,44003,20150526,200
RI,Kent County,44003,20220531,200
RI,Newport County,44005,20120320,200
RI,Newport County,44005,20120327,200
RI,Newport County,44005,20150519,200
RI,Newport County,44005,20150526,200
RI,Newport County,44005,20220809,201
RI,Providence County,44007,20010522,200
RI,Providence County,44007,20070904,200
RI,Providence County,44007,20070911,200
RI,Providence County,44007,20120327,200
RI,Providence County,44007,20150519,200
RI,Providence County,44007,20220531,200
RI,Washington County,44009,20150519,200
RI,Washington County,44009,20150526,200
VA,Accomack County,51001,20011030,200
VA,Accomack County,51001,20011106,200
VA,Accomack County,51001,20050920,200
VA,Accomack County,51001,20060328,200
VA,Accomack County,51001,20100727,200
VA,Accomack County,51001,20120717,200
VA,Accomack County,51001,20241105,200
VA,Accomack County,51001,20241112,200
VA,Albemarle County,51003,20010515,200
VA,Albemarle County,51003,20110125,200
VA,Albemarle County,51003,20240625,200
VA,Alexandria City,51510,20010515,200
VA,Alexandria City,51510,20020723,260
VA,Alexandria City,51510,20050920,200
VA,Alexandria City,51510,20060822,200
VA,Alexandria City,51510,20060829,200
VA,Alexandria City,51510,20070710,200
VA,Alexandria City,51510,20100629,200
VA,Alexandria City,51510,20100706,200
VA,Alexandria City,51510,20120703,200
VA,Alexandria City,51510,20120710,200
VA,Alexandria City,51510,20190924,200
VA,Alexandria City,51510,20191001,200
VA,Alexandria City,51510,20240625,200
VA,Alexandria City,51510,20241105,200
VA,Alexandria City,51510,20241112,200
VA,Alleghany County,51005,20240625,200
VA,Amelia County,51007,20050705,200
VA,Amelia County,51007,20050920,200
VA,Amelia County,51007,20060829,200
VA,Amelia County,51007,20080819,200
VA,Amelia County,51007,20080826,200
VA,Amelia County,51007,20240625,200
VA,Amherst County,51009,20110125,200
VA,Amherst County,51009,20191001,200
VA,Amherst County,51009,20240618,200
VA,Amherst County,51009,20240625,254
VA,Amherst County,51009,20240702,200
VA,Appomattox County,51011,20050920,200
VA,Appomattox County,51011,20060314,200
VA,Appomattox County,51011,20240625,200
VA,Appomattox County,51011,20240702,201
VA,Arlington County,51013,20010515,200
VA,Arlington County,51013,20020723,232
VA,Arlington County,51013,20050920,200
VA,Arlington County,51013,20060822,200
VA,Arlington County,51013,20060829,200
VA,Arlington County,51013,20100706,200
VA,Arlington County,51013,20120703,200
VA,Arlington County,51013,20120710,200
VA,Arlington County,51013,20190924,200
VA,Arlington County,51013,20191001,200
VA,Arlington County,51013,20240625,200
VA,Arlington County,51013,20240702,202
VA,Augusta County,51015,20010515,200
VA,Augusta County,51015,20110125,200
VA,Bath County,51017,20010508,200
VA,Bedford County,51019,20001107,200
VA,Bedford County,51019,20240618,200
VA,Bedford County,51019,20240625,241
VA,Bedford County,51019,20240702,200
VA,Bland County,51021,20000314,200
VA,Bland County,51021,20001031,252
VA,Bland County,51021,20010515,203
VA,Bland County,51021,20191001,260
VA,Bland County,51021,20240625,200
VA,Bland County,51021,20240702,200
VA,Botetourt County,51023,20240625,200
VA,Botetourt County,51023,20241112,200
VA,Bristol City,51520,20001017,200
VA,Bristol City,51520,20001024,300
VA,Bristol City,51520,20001031,200
VA,Bristol City,51520,20001107,200
VA,Bristol City,51520,20010515,200
VA,Bristol City,51520,20051004,200
VA,Bristol City,51520,20070220,200
VA,Bristol City,51520,20070821,200
VA,Bristol City,51520,20070828,200
VA,Bristol City,51520,20231031,200
VA,Bristol City,51520,20240702,200
VA,Bristol City,51520,20240709,200
VA,Brunswick County,51025,20050705,200
VA,Brunswick County,51025,20060829,200
VA,Brunswick County,51025,20080819,200
VA,Brunswick County,51025,20080826,200
VA,Brunswick County,51025,20100706,200
VA,Brunswick County,51025,20100713,200
VA,Brunswick County,51025,20240625,200
VA,Brunswick County,51025,20240702,200
VA,Buchanan County,51027,20010508,200
VA,Buchanan County,51027,20010515,266
VA,Buckingham County,51029,20050920,200
VA,Buckingham County,51029,20240625,200
VA,Buckingham County,51029,20240702,233
VA,Buena Vista City,51530,20010508,200
VA,Buena Vista City,51530,20020625,200
VA,Buena Vista City,51530,20020820,200
VA,Buena Vista City,51530,20110125,200
VA,Buena Vista City,51530,20190924,200
VA,Buena Vista City,51530,20191001,288
VA,Buena Vista City,51530,20210601,200
VA,Buena Vista City,51530,20210608,200
VA,Buena Vista City,51530,20230919,200
VA,Buena Vista City,51530,20240618,200
VA,Buena Vista City,51530,20240625,218
VA,Buena Vista City,51530,20240702,200
VA,Buena Vista City,51530,20241112,200
VA,Campbell County,51031,20001107,200
VA,Campbell County,51031,20060314,200
VA,Campbell County,51031,20240625,235
VA,Campbell County,51031,20240702,225
VA,Caroline County,51033,20050920,200
VA,Caroline County,51033,20060328,200
VA,Caroline County,51033,20060829,200
VA,Caroline County,51033,20240625,200
VA,Caroline County,51033,20241105,205
VA,Carroll County,51035,20000307,200
VA,Carroll County,51035,20000314,200
VA,Carroll County,51035,20001031,300
VA,Carroll County,51035,20001107,200
VA,Carroll County,51035,20020625,222
VA,Carroll County,51035,20051004,200
VA,Carroll County,51035,20240625,200
VA,Carroll County,51035,20240702,249
VA,Charles City County,51036,20050920,200
VA,Charles City County,51036,20060328,200
VA,Charles City County,51036,20070717,200
VA,Charles City County,51036,20070724,200
VA,Charles City County,51036,20100706,200
VA,Charles City County,51036,20240625,200
VA,Charles City County,51036,20241112,200
VA,Charlotte County,51037,20050920,200
VA,Charlotte County,51037,20051004,200
VA,Charlotte County,51037,20080819,200
VA,Charlotte County,51037,20080826,200
VA,Charlotte County,51037,20240625,200
VA,Charlotte County,51037,20240702,200
VA,Charlottesville City,51540,20010515,200
VA,Charlottesville City,51540,20050927,200
VA,Charlottesville City,51540,20060829,200
VA,Charlottesville City,51540,20071120,200
VA,Charlottesville City,51540,20080819,200
VA,Charlottesville City,51540,20080826,200
VA,Charlottesville City,51540,20100706,200
VA,Charlottesville City,51540,20100713,200
VA,Charlottesville City,51540,20110125,200
VA,Charlottesville City,51540,20161115,200
VA,Charlottesville City,51540,20161122,200
VA,Charlottesville City,51540,20190924,200
VA,Charlottesville City,51540,20191001,200
VA,Charlottesville City,51540,20210601,200
VA,Charlottesville City,51540,20210608,200
VA,Charlottesville City,51540,20230404,200
VA,Charlottesville City,51540,20230411,200
VA,Charlottesville City,51540,20230905,200
VA,Charlottesville City,51540,20240618,200
VA,Charlottesville City,51540,20240625,200
VA,Charlottesville City,51540,20241112,200
VA,Chesapeake City,51550,20011030,200
VA,Chesapeake City,51550,20011106,217
VA,Chesapeake City,51550,20070710,200
VA,Chesapeake City,51550,20090217,200
VA,Chesapeake City,51550,20090224,200
VA,Chesapeake City,51550,20240625,200
VA,Chesapeake City,51550,20241029,200
VA,Chesapeake City,51550,20241105,200
VA,Chesterfield County,51041,20050705,200
VA,Chesterfield County,51041,20050920,200
VA,Chesterfield County,51041,20060328,200
VA,Chesterfield County,51041,20060829,200
VA,Chesterfield County,51041,20070724,200
VA,Chesterfield County,51041,20080819,200
VA,Chesterfield County,51041,20080826,200
VA,Chesterfield County,51041,20240625,200
VA,Clarke County,51043,20010515,200
VA,Clarke County,51043,20020226,200
VA,Clarke County,51043,20060822,200
VA,Clarke County,51043,20070626,200
VA,Clarke County,51043,20070731,200
VA,Clarke County,51043,20240625,200
VA,Clarke County,51043,20240702,299
VA,Clarke County,51043,20240709,200
VA,Clarke County,51043,20240716,200
VA,Colonial Heights City,51570,20050705,200
VA,Colonial Heights City,51570,20050920,200
VA,Colonial Heights City,51570,20060328,200
VA,Colonial Heights City,51570,20060829,200
VA,Colonial Heights City,51570,20070717,200
VA,Colonial Heights City,51570,20070724,200
VA,Colonial Heights City,51570,20080819,200
VA,Colonial Heights City,51570,20080826,200
VA,Colonial Heights City,51570,20240625,200
VA,Colonial Heights City,51570,20240702,200
VA,Colonial Heights City,51570,20241112,200
VA,Covington City,51580,20010515,200
VA,Covington City,51580,20020903,200
VA,Covington City,51580,20190924,200
VA,Covington City,51580,20240625,200
VA,Covington City,51580,20240702,200
VA,Covington City,51580,20240917,200
VA,Covington City,51580,20240924,200
VA,Craig County,51045,20010515,200
VA,Craig County,51045,20240625,200
VA,Culpeper County,51047,20010515,200
VA,Culpeper County,51047,20060829,200
VA,Culpeper County,51047,20071002,200
VA,Culpeper County,51047,20071009,200
VA,Culpeper County,51047,20080826,200
VA,Culpeper County,51047,20100706,200
VA,Culpeper County,51047,20100713,200
VA,Culpeper County,51047,20240625,200
VA,Culpeper County,51047,20241112,200
VA,Cumberland County,51049,20050705,200
VA,Cumberland County,51049,20050920,200
VA,Cumberland County,51049,20060829,200
VA,Cumberland County,51049,20080819,204
VA,Cumberland County,51049,20080826,204
VA,Cumberland County,51049,20231114,200
VA,Cumberland County,51049,20240625,200
VA,Danville City,51590,20001031,200
VA,Danville City,51590,20001107,200
VA,Danville City,51590,20011204,200
VA,Danville City,51590,20050920,200
VA,Danville City,51590,20051004,200
VA,Danville City,51590,20110125,200
VA,Danville City,51590,20191001,200
VA,Danville City,51590,20240625,200
VA,Danville City,51590,20240702,200
VA,Dickenson County,51051,20001031,200
VA,Dickenson County,51051,20010508,200
VA,Dickenson County,51051,20010515,235
VA,Dickenson County,51051,20190924,200
VA,Dickenson County,51051,20241112,200
VA,Dinwiddie County,51053,20050705,200
VA,Dinwiddie County,51053,20060829,200
VA,Dinwiddie County,51053,20070724,200
VA,Dinwiddie County,51053,20080819,207
VA,Dinwiddie County,51053,20080826,207
VA,Dinwiddie County,51053,20240625,200
VA,Dinwiddie County,51053,20240702,200
VA,Emporia City,51595,20050705,200
VA,Emporia City,51595,20060822,200
VA,Emporia City,51595,20060829,200
VA,Emporia City,51595,20070710,200
VA,Emporia City,51595,20070724,200
VA,Emporia City,51595,20080819,200
VA,Emporia City,51595,20080826,200
VA,Emporia City,51595,20100706,200
VA,Emporia City,51595,20100713,200
VA,Emporia City,51595,20210525,200
VA,Emporia City,51595,20210601,200
VA,Emporia City,51595,20211207,200
VA,Emporia City,51595,20220920,200
VA,Emporia City,51595,20240625,200
VA,Emporia City,51595,20240702,200
VA,Emporia City,51595,20241112,200
VA,Essex County,51057,20011030,200
VA,Essex County,51057,20050920,200
VA,Essex County,51057,20060328,200
VA,Essex County,51057,20100706,200
VA,Essex County,51057,20240625,200
VA,Essex County,51057,20240702,200
VA,Essex County,51057,20241105,227
VA,Essex County,51057,20241112,200
VA,Fairfax City,51600,20010515,200
VA,Fairfax City,51600,20020723,200
VA,Fairfax City,51600,20050920,200
VA,Fairfax City,51600,20060822,200
VA,Fairfax City,51600,20060829,200
VA,Fairfax City,51600,20070710,200
VA,Fairfax City,51600,20070724,200
VA,Fairfax City,51600,20071002,200
VA,Fairfax City,51600,20071009,200
VA,Fairfax City,51600,20100706,200
VA,Fairfax City,51600,20120710,200
VA,Fairfax City,51600,20240625,200
VA,Fairfax City,51600,20240702,300
VA,Fairfax City,51600,20240709,200
VA,Fairfax City,51600,20241105,200
VA,Fairfax City,51600,20241112,200
VA,Fairfax County,51059,20010515,200
VA,Fairfax County,51059,20020723,207
VA,Fairfax County,51059,20050920,200
VA,Fairfax County,51059,20060822,200
VA,Fairfax County,51059,20060829,200
VA,Fairfax County,51059,20240625,200
VA,Fairfax County,51059,20240702,208
VA,Fairfax County,51059,20241105,208
VA,Falls Church City,51610,20010515,200
VA,Falls Church City,51610,20020723,200
VA,Falls Church City,51610,20050920,200
VA,Falls Church City,51610,20060822,200
VA,Falls Church City,51610,20060829,200
VA,Falls Church City,51610,20100706,200
VA,Falls Church City,51610,20120703,200
VA,Falls Church City,51610,20120710,200
VA,Falls Church City,51610,20161115,200
VA,Falls Church City,51610,20190924,200
VA,Falls Church City,51610,20191001,200
VA,Falls Church City,51610,20240625,200
VA,Falls Church City,51610,20240702,285
VA,Falls Church City,51610,20241105,200
VA,Falls Church City,51610,20241112,200
VA,Fauquier County,51061,20010515,200
VA,Fauquier County,51061,20060822,200
VA,Fauquier County,51061,20060829,200
VA,Fauquier County,51061,20071002,200
VA,Fauquier County,51061,20071009,200
VA,Fauquier County,51061,20240625,200
VA,Floyd County,51063,20001031,248
VA,Floyd County,51063,20001114,200
VA,Floyd County,51063,20020625,218
VA,Floyd County,51063,20240625,200
VA,Floyd County,51063,20240702,289
VA,Fluvanna County,51065,20010515,200
VA,Fluvanna County,51065,20050920,200
VA,Fluvanna County,51065,20060328,200
VA,Fluvanna County,51065,20060829,200
VA,Fluvanna County,51065,20080819,200
VA,Fluvanna County,51065,20080826,200
VA,Fluvanna County,51065,20110125,200
VA,Fluvanna County,51065,20210601,200
VA,Fluvanna County,51065,20210608,200
VA,Fluvanna County,51065,20240625,200
VA,Franklin City,51620,20011106,200
VA,Franklin City,51620,20011113,200
VA,Franklin City,51620,20020806,200
VA,Franklin City,51620,20050920,200
VA,Franklin City,51620,20070710,200
VA,Franklin City,51620,20070717,200
VA,Franklin City,51620,20070724,200
VA,Franklin City,51620,20080812,200
VA,Franklin City,51620,20080819,300
VA,Franklin City,51620,20080826,300
VA,Franklin City,51620,20100706,200
VA,Franklin City,51620,20100713,200
VA,Franklin City,51620,20210525,200
VA,Franklin City,51620,20210601,200
VA,Franklin City,51620,20211123,200
VA,Franklin City,51620,20220920,200
VA,Franklin City,51620,20240625,200
VA,Franklin City,51620,20241112,200
VA,Franklin County,51067,20001031,200
VA,Franklin County,51067,20001107,201
VA,Franklin County,51067,20020625,206
VA,Franklin County,51067,20240625,200
VA,Franklin County,51067,20240702,245
VA,Frederick County,51069,20010515,200
VA,Frederick County,51069,20020226,200
VA,Frederick County,51069,20060822,200
VA,Frederick County,51069,20100803,200
VA,Frederick County,51069,20110802,200
VA,Frederick County,51069,20110809,200
VA,Frederick County,51069,20240625,200
VA,Frederick County,51069,20240702,267
VA,Frederick County,51069,20240709,200
VA,Frederick County,51069,20240716,200
VA,Fredericksburg City,51630,20010515,200
VA,Fredericksburg City,51630,20050920,200
VA,Fredericksburg City,51630,20060328,200
VA,Fredericksburg City,51630,20060822,200
VA,Fredericksburg City,51630,20060829,200
VA,Fredericksburg City,51630,20070710,200
VA,Fredericksburg City,51630,20070717,200
VA,Fredericksburg City,51630,20070724,200
VA,Fredericksburg City,51630,20080826,200
VA,Fredericksburg City,51630,20100706,200
VA,Fredericksburg City,51630,20100713,200
VA,Fredericksburg City,51630,20191008,200
VA,Fredericksburg City,51630,20200721,200
VA,Fredericksburg City,51630,20240625,200
VA,Fredericksburg City,51630,20241105,200
VA,Fredericksburg City,51630,20241119,200
VA,Galax City,51640,20000307,200
VA,Galax City,51640,20000314,200
VA,Galax City,51640,20001024,200
VA,Galax City,51640,20001031,300
VA,Galax City,51640,20001107,200
VA,Galax City,51640,20011120,200
VA,Galax City,51640,20020312,200
VA,Galax City,51640,20020625,281
VA,Galax City,51640,20020702,200
VA,Galax City,51640,20020910,200
VA,Galax City,51640,20020917,200
VA,Galax City,51640,20051004,200
VA,Galax City,51640,20190924,200
VA,Galax City,51640,20211221,200
VA,Galax City,51640,20231114,200
VA,Galax City,51640,20240625,200
VA,Galax City,51640,20240702,200
VA,Giles County,51071,20001031,200
VA,Giles County,51071,20010515,237
VA,Giles County,51071,20240625,200
VA,Gloucester County,51073,20050920,200
VA,Gloucester County,51073,20060328,200
VA,Gloucester County,51073,20070717,200
VA,Gloucester County,51073,20070724,200
VA,Gloucester County,51073,20070731,200
VA,Gloucester County,51073,20190924,200
VA,Gloucester County,51073,20191001,200
VA,Gloucester County,51073,20230328,200
VA,Gloucester County,51073,20230404,200
VA,Gloucester County,51073,20240625,200
VA,Gloucester County,51073,20241029,200
VA,Gloucester County,51073,20241105,200
VA,Goochland County,51075,20050705,200
VA,Goochland County,51075,20050920,200
VA,Goochland County,51075,20060328,200
VA,Goochland County,51075,20060829,200
VA,Goochland County,51075,20070724,200
VA,Goochland County,51075,20070925,200
VA,Goochland County,51075,20080819,200
VA,Goochland County,51075,20080826,200
VA,Goochland County,51075,20240625,200
VA,Grayson County,51077,20000314,200
VA,Grayson County,51077,20001024,225
VA,Grayson County,51077,20001031,315
VA,Grayson County,51077,20051004,200
VA,Grayson County,51077,20190924,200
VA,Greene County,51079,20010515,200
VA,Greene County,51079,20060829,200
VA,Greene County,51079,20071120,200
VA,Greene County,51079,20100706,200
VA,Greene County,51079,20100713,200
VA,Greene County,51079,20110125,200
VA,Greene County,51079,20210601,200
VA,Greene County,51079,20210608,200
VA,Greene County,51079,20240618,200
VA,Greene County,51079,20240625,200
VA,Greene County,51079,20241112,200
VA,Greensville County,51081,20080819,200
VA,Greensville County,51081,20080826,200
VA,Greensville County,51081,20100706,200
VA,Greensville County,51081,20100713,200
VA,Greensville County,51081,20240625,200
VA,Greensville County,51081,20240702,200
VA,Greensville County,51081,20241112,200
VA,Halifax County,51083,20050920,200
VA,Halifax County,51083,20051004,200
VA,Halifax County,51083,20240625,200
VA,Halifax County,51083,20240702,215
VA,Hampton City,51650,20020806,200
VA,Hampton City,51650,20050920,200
VA,Hampton City,51650,20060328,200
VA,Hampton City,51650,20070717,200
VA,Hampton City,51650,20070724,200
VA,Hampton City,51650,20240625,200
VA,Hampton City,51650,20241029,200
VA,Hampton City,51650,20241105,200
VA,Hanover County,51085,20050705,200
VA,Hanover County,51085,20050920,200
VA,Hanover County,51085,20060328,200
VA,Hanover County,51085,20060829,200
VA,Hanover County,51085,20080819,200
VA,Hanover County,51085,20080826,200
VA,Hanover County,51085,20240625,200
VA,Harrisonburg City,51660,20010515,200
VA,Harrisonburg City,51660,20020903,200
VA,Harrisonburg City,51660,20051004,200
VA,Harrisonburg City,51660,20100706,200
VA,Harrisonburg City,51660,20100713,200
VA,Harrisonburg City,51660,20110125,200
VA,Harrisonburg City,51660,20230905,200
VA,Harrisonburg City,51660,20230912,200
VA,Harrisonburg City,51660,20240625,200
VA,Harrisonburg City,51660,20240702,203
VA,Harrisonburg City,51660,20240716,200
VA,Henrico County,51087,20050705,200
VA,Henrico County,51087,20050920,200
VA,Henrico County,51087,20060328,200
VA,Henrico County,51087,20060829,200
VA,Henrico County,51087,20070724,200
VA,Henrico County,51087,20080819,200
VA,Henrico County,51087,20080826,200
VA,Henrico County,51087,20100706,200
VA,Henrico County,51087,20100713,200
VA,Henrico County,51087,20240625,200
VA,Henrico County,51087,20241112,200
VA,Henry County,51089,20001031,200
VA,Henry County,51089,20001114,200
VA,Henry County,51089,20020625,216
VA,Henry County,51089,20240625,200
VA,Henry County,51089,20240702,285
VA,Highland County,51091,20010515,200
VA,Highland County,51091,20020910,240
VA,Highland County,51091,20020917,220
VA,Hopewell City,51670,20050705,200
VA,Hopewell City,51670,20050920,200
VA,Hopewell City,51670,20060328,200
VA,Hopewell City,51670,20060829,200
VA,Hopewell City,51670,20070717,200
VA,Hopewell City,51670,20070724,200
VA,Hopewell City,51670,20080819,200
VA,Hopewell City,51670,20080826,200
VA,Hopewell City,51670,20100706,200
VA,Hopewell City,51670,20100713,200
VA,Hopewell City,51670,20240625,200
VA,Hopewell City,51670,20240702,200
VA,Hopewell City,51670,20241112,200
VA,Isle of Wight County,51093,20020806,200
VA,Isle of Wight County,51093,20050920,200
VA,Isle of Wight County,51093,20070717,200
VA,Isle of Wight County,51093,20070724,200
VA,Isle of Wight County,51093,20210525,200
VA,Isle of Wight County,51093,20210601,200
VA,Isle of Wight County,51093,20240625,200
VA,James City County,51095,20050920,200
VA,James City County,51095,20060328,200
VA,James City County,51095,20070717,200
VA,James City County,51095,20070724,200
VA,James City County,51095,20240625,200
VA,James City County,51095,20241105,200
VA,King and Queen County,51097,20050920,200
VA,King and Queen County,51097,20060328,200
VA,King and Queen County,51097,20100706,200
VA,King and Queen County,51097,20240625,200
VA,King and Queen County,51097,20240702,200
VA,King George County,51099,20010515,200
VA,King George County,51099,20011030,200
VA,King George County,51099,20050920,200
VA,King George County,51099,20060328,200
VA,King George County,51099,20060822,200
VA,King George County,51099,20060829,200
VA,King George County,51099,20070710,200
VA,King George County,51099,20070717,200
VA,King George County,51099,20070724,200
VA,King George County,51099,20100706,200
VA,King George County,51099,20240625,200
VA,King George County,51099,20241105,284
VA,King William County,51101,20050920,200
VA,King William County,51101,20060328,200
VA,King William County,51101,20100706,200
VA,King William County,51101,20240625,200
VA,King William County,51101,20240702,200
VA,Lancaster County,51103,20011030,200
VA,Lancaster County,51103,20011106,200
VA,Lancaster County,51103,20050920,200
VA,Lancaster County,51103,20060328,200
VA,Lancaster County,51103,20100706,200
VA,Lancaster County,51103,20100713,200
VA,Lancaster County,51103,20240625,200
VA,Lancaster County,51103,20240702,200
VA,Lancaster County,51103,20241029,200
VA,Lancaster County,51103,20241105,300
VA,Lancaster County,51103,20241112,200
VA,Lee County,51105,20001017,200
VA,Lee County,51105,20001024,244
VA,Lee County,51105,20001031,251
VA,Lee County,51105,20010515,200
VA,Lee County,51105,20221108,200
VA,Lexington City,51678,20010508,200
VA,Lexington City,51678,20020820,200
VA,Lexington City,51678,20080819,200
VA,Lexington City,51678,20080826,200
VA,Lexington City,51678,20110125,200
VA,Lexington City,51678,20190924,200
VA,Lexington City,51678,20191001,200
VA,Lexington City,51678,20210601,200
VA,Lexington City,51678,20210608,200
VA,Lexington City,51678,20211221,200
VA,Lexington City,51678,20230905,200
VA,Lexington City,51678,20230919,200
VA,Lexington City,51678,20240618,200
VA,Lexington City,51678,20240625,200
VA,Lexington City,51678,20240702,200
VA,Lexington City,51678,20241112,200
VA,Loudoun County,51107,20010515,200
VA,Loudoun County,51107,20060822,200
VA,Loudoun County,51107,20070724,200
VA,Loudoun County,51107,20071002,200
VA,Loudoun County,51107,20071009,200
VA,Loudoun County,51107,20240625,200
VA,Loudoun County,51107,20240702,233
VA,Louisa County,51109,20010515,200
VA,Louisa County,51109,20050920,200
VA,Louisa County,51109,20060328,200
VA,Louisa County,51109,20060829,200
VA,Louisa County,51109,20080826,200
VA,Louisa County,51109,20230411,200
VA,Louisa County,51109,20240625,200
VA,Louisa County,51109,20241112,200
VA,Lunenburg County,51111,20060829,200
VA,Lunenburg County,51111,20080819,200
VA,Lunenburg County,51111,20080826,200
VA,Lunenburg County,51111,20240625,200
VA,Lunenburg County,51111,20240702,200
VA,Lynchburg City,51680,20001107,200
VA,Lynchburg City,51680,20020625,200
VA,Lynchburg City,51680,20050927,200
VA,Lynchburg City,51680,20060314,200
VA,Lynchburg City,51680,20110125,200
VA,Lynchburg City,51680,20191001,200
VA,Lynchburg City,51680,20230919,200
VA,Lynchburg City,51680,20240618,200
VA,Lynchburg City,51680,20240625,300
VA,Lynchburg City,51680,20240702,200
VA,Madison County,51113,20010515,200
VA,Madison County,51113,20060829,200
VA,Madison County,51113,20071002,200
VA,Madison County,51113,20071009,200
VA,Madison County,51113,20100706,200
VA,Madison County,51113,20100713,200
VA,Madison County,51113,20110125,200
VA,Madison County,51113,20210601,200
VA,Madison County,51113,20210608,200
VA,Madison County,51113,20240625,200
VA,Madison County,51113,20241112,200
VA,Manassas City,51683,20010515,200
VA,Manassas City,51683,20020723,200
VA,Manassas City,51683,20020827,200
VA,Manassas City,51683,20050920,200
VA,Manassas City,51683,20060822,200
VA,Manassas City,51683,20060829,200
VA,Manassas City,51683,20070710,200
VA,Manassas City,51683,20070724,200
VA,Manassas City,51683,20071002,200
VA,Manassas City,51683,20071009,200
VA,Manassas City,51683,20080826,200
VA,Manassas City,51683,20100706,200
VA,Manassas City,51683,20100713,200
VA,Manassas City,51683,20120717,200
VA,Manassas City,51683,20170228,200
VA,Manassas City,51683,20190924,200
VA,Manassas City,51683,20191001,200
VA,Manassas City,51683,20240625,200
VA,Manassas City,51683,20240709,200
VA,Manassas Park City,51685,20010515,200
VA,Manassas Park City,51685,20020723,200
VA,Manassas Park City,51685,20020827,200
VA,Manassas Park City,51685,20050920,200
VA,Manassas Park City,51685,20060822,200
VA,Manassas Park City,51685,20060829,200
VA,Manassas Park City,51685,20070710,200
VA,Manassas Park City,51685,20070724,200
VA,Manassas Park City,51685,20071002,200
VA,Manassas Park City,51685,20071009,200
VA,Manassas Park City,51685,20100706,200
VA,Manassas Park City,51685,20100713,200
VA,Manassas Park City,51685,20120717,200
VA,Manassas Park City,51685,20170228,200
VA,Manassas Park City,51685,20190924,200
VA,Manassas Park City,51685,20191001,200
VA,Manassas Park City,51685,20240625,200
VA,Manassas Park City,51685,20240709,200
VA,Martinsville City,51690,20001031,200
VA,Martinsville City,51690,20001107,200
VA,Martinsville City,51690,20001114,200
VA,Martinsville City,51690,20010213,200
VA,Martinsville City,51690,20010220,200
VA,Martinsville City,51690,20020625,200
VA,Martinsville City,51690,20060314,200
VA,Martinsville City,51690,20121120,200
VA,Martinsville City,51690,20190924,200
VA,Martinsville City,51690,20240625,200
VA,Martinsville City,51690,20240702,300
VA,Martinsville City,51690,20240709,200
VA,Mathews County,51115,20011030,200
VA,Mathews County,51115,20011106,200
VA,Mathews County,51115,20020806,200
VA,Mathews County,51115,20050920,200
VA,Mathews County,51115,20060328,200
VA,Mathews County,51115,20070717,200
VA,Mathews County,51115,20070724,200
VA,Mathews County,51115,20070731,200
VA,Mathews County,51115,20100713,200
VA,Mathews County,51115,20190924,200
VA,Mathews County,51115,20191001,200
VA,Mathews County,51115,20220920,200
VA,Mathews County,51115,20230328,200
VA,Mathews County,51115,20230404,200
VA,Mathews County,51115,20240625,200
VA,Mathews County,51115,20241029,200
VA,Mathews County,51115,20241105,200
VA,Mecklenburg County,51117,20060829,200
VA,Mecklenburg County,51117,20080819,200
VA,Mecklenburg County,51117,20080826,200
VA,Mecklenburg County,51117,20121127,200
VA,Mecklenburg County,51117,20240625,200
VA,Mecklenburg County,51117,20240702,200
VA,Middlesex County,51119,20011030,200
VA,Middlesex County,51119,20011106,200
VA,Middlesex County,51119,20050920,200
VA,Middlesex County,51119,20060328,200
VA,Middlesex County,51119,20230328,200
VA,Middlesex County,51119,20230404,200
VA,Middlesex County,51119,20240625,200
VA,Middlesex County,51119,20240702,200
VA,Middlesex County,51119,20241029,200
VA,Middlesex County,51119,20241105,254
VA,Montgomery County,51121,20001031,202
VA,Montgomery County,51121,20240625,200
VA,Montgomery County,51121,20240702,205
VA,Nelson County,51125,20110125,200
VA,Nelson County,51125,20240618,200
VA,Nelson County,51125,20240625,200
VA,Nelson County,51125,20240702,200
VA,New Kent County,51127,20050920,200
VA,New Kent County,51127,20060328,200
VA,New Kent County,51127,20070717,200
VA,New Kent County,51127,20070724,200
VA,New Kent County,51127,20100706,200
VA,New Kent County,51127,20240625,200
VA,New Kent County,51127,20241105,200
VA,Newport News City,51700,20020806,200
VA,Newport News City,51700,20050920,200
VA,Newport News City,51700,20060328,200
VA,Newport News City,51700,20070717,200
VA,Newport News City,51700,20070724,200
VA,Newport News City,51700,20240625,200
VA,Newport News City,51700,20241029,200
VA,Newport News City,51700,20241105,200
VA,Norfolk City,51710,20050920,200
VA,Norfolk City,51710,20070717,200
VA,Norfolk City,51710,20070724,200
VA,Norfolk City,51710,20240625,200
VA,Norfolk City,51710,20241029,200
VA,Norfolk City,51710,20241105,200
VA,Norfolk City,51710,20241112,200
VA,Northampton County,51131,20011030,200
VA,Northampton County,51131,20011106,200
VA,Northampton County,51131,20050920,200
VA,Northampton County,51131,20060328,200
VA,Northampton County,51131,20070717,200
VA,Northampton County,51131,20070724,200
VA,Northampton County,51131,20100713,200
VA,Northampton County,51131,20100727,200
VA,Northampton County,51131,20220913,204
VA,Northampton County,51131,20241112,200
VA,Northumberland County,51133,20011030,200
VA,Northumberland County,51133,20011106,200
VA,Northumberland County,51133,20050920,200
VA,Northumberland County,51133,20060328,200
VA,Northumberland County,51133,20100706,200
VA,Northumberland County,51133,20240625,200
VA,Northumberland County,51133,20240702,200
VA,Northumberland County,51133,20241105,256
VA,Northumberland County,51133,20241112,200
VA,Norton City,51720,20001017,200
VA,Norton City,51720,20001024,200
VA,Norton City,51720,20001031,200
VA,Norton City,51720,20010508,200
VA,Norton City,51720,20010515,200
VA,Norton City,51720,20051018,200
VA,Norton City,51720,20060321,200
VA,Norton City,51720,20070220,200
VA,Norton City,51720,20070821,200
VA,Norton City,51720,20070828,200
VA,Norton City,51720,20190924,200
VA,Norton City,51720,20241112,200
VA,Nottoway County,51135,20050705,200
VA,Nottoway County,51135,20060829,200
VA,Nottoway County,51135,20080819,223
VA,Nottoway County,51135,20080826,223
VA,Nottoway County,51135,20240625,200
VA,Nottoway County,51135,20240702,200
VA,Orange County,51137,20010515,200
VA,Orange County,51137,20060829,200
VA,Orange County,51137,20070710,200
VA,Orange County,51137,20080826,200
VA,Orange County,51137,20110125,200
VA,Orange County,51137,20230411,200
VA,Orange County,51137,20240625,200
VA,Orange County,51137,20241112,200
VA,Page County,51139,20010515,200
VA,Page County,51139,20051004,200
VA,Page County,51139,20060829,200
VA,Page County,51139,20100706,200
VA,Page County,51139,20100713,200
VA,Page County,51139,20110125,200
VA,Page County,51139,20240618,200
VA,Page County,51139,20240625,200
VA,Page County,51139,20240716,200
VA,Patrick County,51141,20001031,264
VA,Patrick County,51141,20001107,200
VA,Patrick County,51141,20001114,200
VA,Patrick County,51141,20011016,200
VA,Patrick County,51141,20020618,208
VA,Patrick County,51141,20020625,245
VA,Patrick County,51141,20240625,200
VA,Patrick County,51141,20240702,300
VA,Petersburg City,51730,20050705,200
VA,Petersburg City,51730,20050920,200
VA,Petersburg City,51730,20060328,200
VA,Petersburg City,51730,20060829,200
VA,Petersburg City,51730,20070717,200
VA,Petersburg City,51730,20070724,200
VA,Petersburg City,51730,20080819,200
VA,Petersburg City,51730,20080826,200
VA,Petersburg City,51730,20100803,200
VA,Petersburg City,51730,20100810,200
VA,Petersburg City,51730,20240625,200
VA,Petersburg City,51730,20240702,200
VA,Petersburg City,51730,20241112,200
VA,Pittsylvania County,51143,20001107,200
VA,Pittsylvania County,51143,20240625,207
VA,Pittsylvania County,51143,20240702,223
VA,Poquoson City,51735,20020806,200
VA,Poquoson City,51735,20050920,200
VA,Poquoson City,51735,20060328,200
VA,Poquoson City,51735,20070717,200
VA,Poquoson City,51735,20070724,200
VA,Poquoson City,51735,20070731,200
VA,Poquoson City,51735,20240625,200
VA,Poquoson City,51735,20241029,200
VA,Poquoson City,51735,20241105,200
VA,Poquoson City,51735,20241112,200
VA,Portsmouth City,51740,20050920,200
VA,Portsmouth City,51740,20070710,200
VA,Portsmouth City,51740,20070717,200
VA,Portsmouth City,51740,20070724,200
VA,Portsmouth City,51740,20240625,200
VA,Portsmouth City,51740,20241029,200
VA,Portsmouth City,51740,20241105,200
VA,Powhatan County,51145,20050705,200
VA,Powhatan County,51145,20050920,200
VA,Powhatan County,51145,20060328,200
VA,Powhatan County,51145,20060829,200
VA,Powhatan County,51145,20070925,200
VA,Powhatan County,51145,20080819,200
VA,Powhatan County,51145,20080826,200
VA,Powhatan County,51145,20100803,200
VA,Powhatan County,51145,20100810,200
VA,Powhatan County,51145,20240625,200
VA,Prince Edward County,51147,20050920,200
VA,Prince Edward County,51147,20060314,200
VA,Prince Edward County,51147,20080819,211
VA,Prince Edward County,51147,20080826,211
VA,Prince Edward County,51147,20231114,200
VA,Prince Edward County,51147,20240625,200
VA,Prince George County,51149,20050920,200
VA,Prince George County,51149,20060328,200
VA,Prince George County,51149,20070717,200
VA,Prince George County,51149,20070724,200
VA,Prince George County,51149,20080819,200
VA,Prince George County,51149,20080826,200
VA,Prince George County,51149,20240625,200
VA,Prince George County,51149,20241112,200
VA,Prince William County,51153,20010515,200
VA,Prince William County,51153,20060822,200
VA,Prince William County,51153,20060829,200
VA,Prince William County,51153,20070724,200
VA,Prince William County,51153,20240625,200
VA,Pulaski County,51155,20000314,200
VA,Pulaski County,51155,20001031,262
VA,Pulaski County,51155,20001107,200
VA,Pulaski County,51155,20001114,200
VA,Pulaski County,51155,20010515,200
VA,Pulaski County,51155,20240625,200
VA,Pulaski County,51155,20240702,200
VA,Radford City,51750,20000314,200
VA,Radford City,51750,20000627,200
VA,Radford City,51750,20001031,200
VA,Radford City,51750,20001107,200
VA,Radford City,51750,20001114,200
VA,Radford City,51750,20010213,200
VA,Radford City,51750,20010515,200
VA,Radford City,51750,20020820,200
VA,Radford City,51750,20231121,200
VA,Radford City,51750,20240625,200
VA,Radford City,51750,20240702,200
VA,Radford City,51750,20241112,200
VA,Rappahannock County,51157,20010515,200
VA,Rappahannock County,51157,20060822,200
VA,Rappahannock County,51157,20060829,200
VA,Rappahannock County,51157,20100706,200
VA,Rappahannock County,51157,20100713,200
VA,Rappahannock County,51157,20110125,200
VA,Rappahannock County,51157,20120717,200
VA,Rappahannock County,51157,20240625,200
VA,Richmond City,51760,20050705,200
VA,Richmond City,51760,20050920,200
VA,Richmond City,51760,20060328,200
VA,Richmond City,51760,20060829,200
VA,Richmond City,51760,20070724,200
VA,Richmond City,51760,20070925,200
VA,Richmond City,51760,20080819,200
VA,Richmond City,51760,20080826,200
VA,Richmond City,51760,20100706,200
VA,Richmond City,51760,20100713,200
VA,Richmond City,51760,20240625,200
VA,Richmond City,51760,20241112,200
VA,Richmond County,51159,20011030,200
VA,Richmond County,51159,20011106,200
VA,Richmond County,51159,20050920,200
VA,Richmond County,51159,20060328,200
VA,Richmond County,51159,20070710,200
VA,Richmond County,51159,20070717,200
VA,Richmond County,51159,20070724,200
VA,Richmond County,51159,20100706,200
VA,Richmond County,51159,20240625,200
VA,Richmond County,51159,20240702,200
VA,Richmond County,51159,20241105,204
VA,Richmond County,51159,20241112,200
VA,Roanoke City,51770,20001031,200
VA,Roanoke City,51770,20001107,200
VA,Roanoke City,51770,20010515,200
VA,Roanoke City,51770,20020618,200
VA,Roanoke City,51770,20110830,200
VA,Roanoke City,51770,20190924,200
VA,Roanoke City,51770,20210601,200
VA,Roanoke City,51770,20210608,200
VA,Roanoke City,51770,20240618,200
VA,Roanoke City,51770,20240625,200
VA,Roanoke City,51770,20240702,200
VA,Roanoke City,51770,20241112,200
VA,Roanoke County,51161,20001031,200
VA,Roanoke County,51161,20010515,200
VA,Roanoke County,51161,20240625,200
VA,Roanoke County,51161,20240702,200
VA,Roanoke County,51161,20241112,200
VA,Rockbridge County,51163,20110125,200
VA,Rockbridge County,51163,20210601,200
VA,Rockbridge County,51163,20241112,200
VA,Rockingham County,51165,20010515,200
VA,Rockingham County,51165,20051004,200
VA,Rockingham County,51165,20100706,200
VA,Rockingham County,51165,20100713,200
VA,Rockingham County,51165,20240625,200
VA,Rockingham County,51165,20240716,200
VA,Russell County,51167,20001031,219
VA,Russell County,51167,20010515,222
VA,Russell County,51167,20070220,200
VA,Russell County,51167,20240702,200
VA,Salem City,51775,20001031,200
VA,Salem City,51775,20001107,200
VA,Salem City,51775,20010515,200
VA,Salem City,51775,20020625,200
VA,Salem City,51775,20190924,200
VA,Salem City,51775,20210601,200
VA,Salem City,51775,20210608,200
VA,Salem City,51775,20231121,200
VA,Salem City,51775,20240618,200
VA,Salem City,51775,20240625,200
VA,Salem City,51775,20240702,200
VA,Salem City,51775,20241112,200
VA,Scott County,51169,20001017,200
VA,Scott County,51169,20001024,255
VA,Scott County,51169,20001031,227
VA,Scott County,51169,20070220,200
VA,Shenandoah County,51171,20010515,200
VA,Shenandoah County,51171,20051004,200
VA,Shenandoah County,51171,20240625,200
VA,Shenandoah County,51171,20240716,200
VA,Smyth County,51173,20001024,203
VA,Smyth County,51173,20001031,244
VA,Smyth County,51173,20010515,200
VA,Smyth County,51173,20070220,200
VA,Smyth County,51173,20191001,200
VA,Smyth County,51173,20240702,200
VA,Southampton County,51175,20050920,200
VA,Southampton County,51175,20080819,224
VA,Southampton County,51175,20080826,225
VA,Southampton County,51175,20210525,200
VA,Southampton County,51175,20210601,200
VA,Southampton County,51175,20220920,200
VA,Southampton County,51175,20240625,200
VA,Southampton County,51175,20241112,200
VA,Spotsylvania County,51177,20010515,200
VA,Spotsylvania County,51177,20050920,200
VA,Spotsylvania County,51177,20060328,200
VA,Spotsylvania County,51177,20060829,200
VA,Spotsylvania County,51177,20070710,200
VA,Spotsylvania County,51177,20080826,200
VA,Spotsylvania County,51177,20240625,200
VA,Stafford County,51179,20010515,200
VA,Stafford County,51179,20050920,200
VA,Stafford County,51179,20060822,200
VA,Stafford County,51179,20060829,200
VA,Stafford County,51179,20070710,200
VA,Stafford County,51179,20070724,200
VA,Stafford County,51179,20080826,200
VA,Stafford County,51179,20100706,200
VA,Stafford County,51179,20100713,200
VA,Stafford County,51179,20240625,200
VA,Stafford County,51179,20241105,200
VA,Stafford County,51179,20241119,200
VA,Staunton City,51790,20010515,200
VA,Staunton City,51790,20011106,200
VA,Staunton City,51790,20020910,200
VA,Staunton City,51790,20100706,200
VA,Staunton City,51790,20100713,200
VA,Staunton City,51790,20110125,200
VA,Staunton City,51790,20121127,200
VA,Staunton City,51790,20171205,200
VA,Staunton City,51790,20171212,200
VA,Staunton City,51790,20210601,200
VA,Staunton City,51790,20210608,200
VA,Staunton City,51790,20230905,230
VA,Staunton City,51790,20240618,200
VA,Staunton City,51790,20240625,200
VA,Staunton City,51790,20240702,200
VA,Staunton City,51790,20240716,200
VA,Staunton City,51790,20241112,200
VA,Suffolk City,51800,20070710,200
VA,Suffolk City,51800,20080826,257
VA,Suffolk City,51800,20240625,200
VA,Surry County,51181,20050920,200
VA,Surry County,51181,20060328,200
VA,Surry County,51181,20070717,200
VA,Surry County,51181,20070724,200
VA,Surry County,51181,20240625,200
VA,Sussex County,51183,20050920,200
VA,Sussex County,51183,20070724,200
VA,Sussex County,51183,20080819,212
VA,Sussex County,51183,20080826,212
VA,Sussex County,51183,20240625,200
VA,Sussex County,51183,20241112,200
VA,Tazewell County,51185,20001031,241
VA,Tazewell County,51185,20010515,206
VA,Tazewell County,51185,20240702,200
VA,Virginia Beach City,51810,20011030,200
VA,Virginia Beach City,51810,20011106,276
VA,Virginia Beach City,51810,20240625,200
VA,Virginia Beach City,51810,20241029,200
VA,Virginia Beach City,51810,20241105,200
VA,Warren County,51187,20010515,200
VA,Warren County,51187,20020226,200
VA,Warren County,51187,20051004,200
VA,Warren County,51187,20060822,200
VA,Warren County,51187,20110802,200
VA,Warren County,51187,20110809,200
VA,Warren County,51187,20240625,200
VA,Warren County,51187,20240702,255
VA,Warren County,51187,20240716,200
VA,Washington County,51191,20001017,200
VA,Washington County,51191,20001024,251
VA,Washington County,51191,20001031,200
VA,Washington County,51191,20070220,200
VA,Waynesboro City,51820,20010515,200
VA,Waynesboro City,51820,20020820,200
VA,Waynesboro City,51820,20051004,200
VA,Waynesboro City,51820,20060829,200
VA,Waynesboro City,51820,20100706,200
VA,Waynesboro City,51820,20100713,200
VA,Waynesboro City,51820,20110125,200
VA,Waynesboro City,51820,20121120,200
VA,Waynesboro City,51820,20121127,200
VA,Waynesboro City,51820,20171205,200
VA,Waynesboro City,51820,20171212,200
VA,Waynesboro City,51820,20210601,200
VA,Waynesboro City,51820,20210608,200
VA,Waynesboro City,51820,20230905,200
VA,Waynesboro City,51820,20230919,200
VA,Waynesboro City,51820,20240618,200
VA,Waynesboro City,51820,20240625,200
VA,Waynesboro City,51820,20240702,200
VA,Waynesboro City,51820,20241112,200
VA,Westmoreland County,51193,20011030,200
VA,Westmoreland County,51193,20050920,200
VA,Westmoreland County,51193,20060328,200
VA,Westmoreland County,51193,20070710,200
VA,Westmoreland County,51193,20070717,200
VA,Westmoreland County,51193,20070724,200
VA,Westmoreland County,51193,20100706,200
VA,Westmoreland County,51193,20240625,200
VA,Westmoreland County,51193,20241105,225
VA,Westmoreland County,51193,20241112,200
VA,Williamsburg City,51830,20020730,200
VA,Williamsburg City,51830,20020806,200
VA,Williamsburg City,51830,20050920,200
VA,Williamsburg City,51830,20060328,200
VA,Williamsburg City,51830,20070717,200
VA,Williamsburg City,51830,20070724,200
VA,Williamsburg City,51830,20190924,200
VA,Williamsburg City,51830,20191001,200
VA,Williamsburg City,51830,20220920,200
VA,Williamsburg City,51830,20240625,200
VA,Williamsburg City,51830,20241105,200
VA,Winchester City,51840,20010515,200
VA,Winchester City,51840,20020226,200
VA,Winchester City,51840,20050705,200
VA,Winchester City,51840,20060822,200
VA,Winchester City,51840,20070626,200
VA,Winchester City,51840,20100803,200
VA,Winchester City,51840,20110802,200
VA,Winchester City,51840,20110809,200
VA,Winchester City,51840,20230418,200
VA,Winchester City,51840,20240625,200
VA,Winchester City,51840,20240702,300
VA,Winchester City,51840,20240709,200
VA,Winchester City,51840,20240716,200
VA,Wise County,51195,20001031,218
VA,Wise County,51195,20010508,200
VA,Wise County,51195,20010515,203
VA,Wise County,51195,20060321,200
VA,Wise County,51195,20070828,200
VA,Wise County,51195,20241112,200
VA,Wythe County,51197,20000314,200
VA,Wythe County,51197,20001031,300
VA,Wythe County,51197,20010515,200
VA,Wythe County,51197,20020312,200
VA,Wythe County,51197,20240625,200
VA,Wythe County,51197,20240702,200
VA,York County,51199,20050920,200
VA,York County,51199,20060328,200
VA,York County,51199,20070717,200
VA,York County,51199,20070724,200
VA,York County,51199,20240625,200
VA,York County,51199,20241105,200
VT,Bennington County,50003,20200623,200
VT,Caledonia County,50005,20010807,200
VT,Caledonia County,50005,20010814,200
VT,Chittenden County,50007,20010807,200
VT,Essex County,50009,20010807,200
VT,Essex County,50009,20010814,200
VT,Franklin County,50011,20010807,200
VT,Franklin County,50011,20010814,200
VT,Grand Isle County,50013,20010814,200
VT,Grand Isle County,50013,20020917,200
VT,Grand Isle County,50013,20180731,200
VT,Grand Isle County,50013,20180807,200
VT,Lamoille County,50015,20010807,200
VT,Lamoille County,50015,20010814,200
VT,Lamoille County,50015,20230606,200
VT,Lamoille County,50015,20230613,200
VT,Orleans County,50019,20010807,200
VT,Orleans County,50019,20010814,200
VT,Washington County,50023,20010807,200
VT,Windham County,50025,20010828,200
VT,Windham County,50025,20200623,200
WV,Barbour County,54001,20010515,200
WV,Barbour County,54001,20020917,200
WV,Barbour County,54001,20230613,200
WV,Berkeley County,54003,20010515,200
WV,Berkeley County,54003,20010522,200
WV,Berkeley County,54003,20020226,200
WV,Berkeley County,54003,20050705,200
WV,Berkeley County,54003,20060822,200
WV,Berkeley County,54003,20110802,200
WV,Berkeley County,54003,20110809,200
WV,Berkeley County,54003,20240625,200
WV,Berkeley County,54003,20240702,275
WV,Berkeley County,54003,20240709,200
WV,Boone County,54005,20010515,200
WV,Boone County,54005,20160426,200
WV,Boone County,54005,20191001,207
WV,Braxton County,54007,20001212,200
WV,Braxton County,54007,20020917,200
WV,Braxton County,54007,20240625,200
WV,Braxton County,54007,20240702,200
WV,Brooke County,54009,20050823,200
WV,Brooke County,54009,20070619,200
WV,Brooke County,54009,20230613,200
WV,Cabell County,54011,20010515,200
WV,Calhoun County,54013,20010515,200
WV,Calhoun County,54013,20230620,200
WV,Calhoun County,54013,20240625,200
WV,Calhoun County,54013,20240702,200
WV,Clay County,54015,20001212,200
WV,Clay County,54015,20020917,200
WV,Clay County,54015,20070619,200
WV,Clay County,54015,20230620,200
WV,Clay County,54015,20230627,200
WV,Doddridge County,54017,20010515,200
WV,Fayette County,54019,20010515,200
WV,Fayette County,54019,20020910,219
WV,Fayette County,54019,20020917,236
WV,Fayette County,54019,20160426,200
WV,Gilmer County,54021,20010515,200
WV,Gilmer County,54021,20240625,200
WV,Gilmer County,54021,20240702,200
WV,Grant County,54023,20010515,200
WV,Grant County,54023,20020917,200
WV,Grant County,54023,20051004,200
WV,Grant County,54023,20090922,200
WV,Grant County,54023,20230613,200
WV,Grant County,54023,20230620,200
WV,Grant County,54023,20240625,200
WV,Grant County,54023,20240702,248
WV,Grant County,54023,20240709,209
WV,Greenbrier County,54025,20020910,222
WV,Greenbrier County,54025,20020917,237
WV,Greenbrier County,54025,20190924,200
WV,Greenbrier County,54025,20191001,208
WV,Hampshire County,54027,20010515,200
WV,Hampshire County,54027,20020917,256
WV,Hampshire County,54027,20090922,200
WV,Hampshire County,54027,20240625,200
WV,Hampshire County,54027,20240702,295
WV,Hampshire County,54027,20240709,223
WV,Hampshire County,54027,20240716,200
WV,Hancock County,54029,20230613,200
WV,Hardy County,54031,20010515,200
WV,Hardy County,54031,20020917,269
WV,Hardy County,54031,20051004,200
WV,Hardy County,54031,20090922,200
WV,Hardy County,54031,20230613,200
WV,Hardy County,54031,20230620,200
WV,Hardy County,54031,20240625,200
WV,Hardy County,54031,20240702,220
WV,Hardy County,54031,20240709,243
WV,Hardy County,54031,20240716,200
WV,Harrison County,54033,20010515,200
WV,Harrison County,54033,20090922,200
WV,Jefferson County,54037,20010515,200
WV,Jefferson County,54037,20020226,200
WV,Jefferson County,54037,20020827,261
WV,Jefferson County,54037,20050927,200
WV,Jefferson County,54037,20060822,200
WV,Jefferson County,54037,20070724,200
WV,Jefferson County,54037,20070731,200
WV,Jefferson County,54037,20230418,200
WV,Jefferson County,54037,20240625,200
WV,Jefferson County,54037,20240702,214
WV,Jefferson County,54037,20240709,200
WV,Lewis County,54041,20010515,200
WV,Lewis County,54041,20020917,200
WV,Lincoln County,54043,20001212,200
WV,Lincoln County,54043,20010515,200
WV,Logan County,54045,20010515,200
WV,Logan County,54045,20160426,200
WV,Marion County,54049,20010515,200
WV,Marion County,54049,20090922,200
WV,Marion County,54049,20090929,200
WV,Marshall County,54051,20090922,200
WV,Marshall County,54051,20230613,200
WV,McDowell County,54047,20001031,200
WV,McDowell County,54047,20010515,256
WV,Mercer County,54055,20001031,200
WV,Mercer County,54055,20010515,262
WV,Mercer County,54055,20191001,246
WV,Mercer County,54055,20191008,200
WV,Mercer County,54055,20240625,200
WV,Mercer County,54055,20240702,200
WV,Mineral County,54057,20010515,200
WV,Mineral County,54057,20010522,200
WV,Mineral County,54057,20020917,200
WV,Mineral County,54057,20090922,200
WV,Mineral County,54057,20090929,200
WV,Mineral County,54057,20230613,200
WV,Mineral County,54057,20230620,200
WV,Mineral County,54057,20240625,200
WV,Mineral County,54057,20240702,300
WV,Mineral County,54057,20240709,200
WV,Mingo County,54059,20010515,200
WV,Mingo County,54059,20160426,200
WV,Mingo County,54059,20191001,254
WV,Monongalia County,54061,20010515,200
WV,Monongalia County,54061,20050927,200
WV,Monongalia County,54061,20090922,200
WV,Monongalia County,54061,20090929,200
WV,Monongalia County,54061,20230613,200
WV,Monroe County,54063,20010515,200
WV,Monroe County,54063,20240625,200
WV,Monroe County,54063,20240702,200
WV,Morgan County,54065,20010515,200
WV,Morgan County,54065,20010522,200
WV,Morgan County,54065,20020917,216
WV,Morgan County,54065,20020924,200
WV,Morgan County,54065,20050705,200
WV,Morgan County,54065,20090922,200
WV,Morgan County,54065,20090929,200
WV,Morgan County,54065,20110802,200
WV,Morgan County,54065,20110809,200
WV,Morgan County,54065,20240625,200
WV,Morgan County,54065,20240702,300
WV,Morgan County,54065,20240709,200
WV,Nicholas County,54067,20020917,200
WV,Ohio County,54069,20050823,200
WV,Ohio County,54069,20070619,200
WV,Ohio County,54069,20230613,200
WV,Ohio County,54069,20240723,200
WV,Pendleton County,54071,20010515,200
WV,Pendleton County,54071,20020910,268
WV,Pendleton County,54071,20020917,230
WV,Pendleton County,54071,20100706,200
WV,Pendleton County,54071,20100713,200
WV,Pendleton County,54071,20240709,205
WV,Pendleton County,54071,20240716,200
WV,Pendleton County,54071,20240723,200
WV,Pleasants County,54073,20230613,200
WV,Pleasants County,54073,20240702,200
WV,Pleasants County,54073,20240827,200
WV,Pleasants County,54073,20240903,200
WV,Pocahontas County,54075,20020910,223
WV,Pocahontas County,54075,20020917,232
WV,Preston County,54077,20010515,200
WV,Preston County,54077,20020917,200
WV,Preston County,54077,20090922,200
WV,Preston County,54077,20090929,200
WV,Preston County,54077,20230613,200
WV,Putnam County,54079,20240730,200
WV,Raleigh County,54081,20010515,200
WV,Raleigh County,54081,20160426,200
WV,Raleigh County,54081,20240625,200
WV,Randolph County,54083,20010515,200
WV,Randolph County,54083,20020917,200
WV,Randolph County,54083,20240625,200
WV,Ritchie County,54085,20010515,200
WV,Roane County,54087,20230620,200
WV,Summers County,54089,20010515,200
WV,Summers County,54089,20020910,202
WV,Summers County,54089,20020917,204
WV,Summers County,54089,20190924,200
WV,Summers County,54089,20240625,200
WV,Taylor County,54091,20010515,200
WV,Taylor County,54091,20020917,200
WV,Taylor County,54091,20051004,200
WV,Taylor County,54091,20090922,200
WV,Taylor County,54091,20090929,200
WV,Taylor County,54091,20230613,200
WV,Tucker County,54093,20010515,200
WV,Tucker County,54093,20020917,200
WV,Tucker County,54093,20051004,200
WV,Tucker County,54093,20090922,200
WV,Tucker County,54093,20230613,200
WV,Tucker County,54093,20230620,200
WV,Tyler County,54095,20240827,200
WV,Tyler County,54095,20240903,200
WV,Upshur County,54097,20010515,200
WV,Upshur County,54097,20020917,200
WV,Wayne County,54099,20010515,200
WV,Wayne County,54099,20191001,232
WV,Webster County,54101,20020917,200
WV,Webster County,54101,20240625,200
WV,Wirt County,54105,20010515,200
WV,Wirt County,54105,20230613,200
WV,Wirt County,54105,20230620,200
WV,Wirt County,54105,20240625,200
WV,Wirt County,54105,20240702,200
WV,Wood County,54107,20050816,200
WV,Wood County,54107,20230613,200
WV,Wood County,54107,20240625,200
WV,Wood County,54107,20240702,200
WV,Wyoming County,54109,20010508,200
WV,Wyoming County,54109,20010515,202
WV,Wyoming County,54109,20011113,200
WV,Wyoming County,54109,20160426,200